,Unnamed: 0,title_sch,id_sch,self_citation,total_predictions,total_introduction_references,in_introduction_predictions,in_paper_predictions,wrong_predictions,isolated_predictions,isolated_introduction_references,avg_clustering_pred,avg_clustering_true,avg_clustering_pred_undir,avg_clustering_true_undir,edge_density,edge_density_bool,avg_jaccard_coeff,edge_expansion,isolated_predictions_fraction,in_introduction_predictions_fraction,in_paper_predictions_fraction,non_isolated_predictions_fraction
0,0,Bayesian Optimization-based Combinatorial Assignment,1ec31c7e532b18a5c1724a34689baba35e050c0e,1.0,6.0,23.0,1.0,1.0,3.0,2.0,2.0,,0.4586672777031152,,0.8080124553808764,,1.0,0.15640096618357488,3.6666666666666665,0.3333333333333333,0.16666666666666666,0.0,0.5
1,1,Continual Learning with Scaled Gradient Projection,8023869b534ae182e3e7d5df25690a062106912d,0.0,12.0,18.0,1.0,2.0,8.0,2.0,0.0,0.35449735449735453,0.34481922398589065,0.7089947089947091,0.6819427486094152,,1.0,0.24083124477861317,4.875,0.16666666666666666,0.08333333333333333,0.08333333333333333,0.6666666666666666
2,2,ScatterFormer: Locally-Invariant Scattering Transformer for Patient-Independent Multispectral Detection of Epileptiform Discharges,7fa2d8608e03c22ee025a27c7d6f81cc872735c6,0.0,8.0,20.0,0.0,0.0,4.0,4.0,10.0,,0.45,,0.8333333333333333,,1.0,0.13284632034632035,2.75,0.5,0.0,0.0,0.5
3,3,Lifelong Learning for Neural powered Mixed Integer Programming,d887fbfb12e9df62200453f7a6ad8d7a12775ea2,0.0,5.0,10.0,2.0,2.0,1.0,2.0,0.0,,0.4333333333333333,,0.8666666666666666,,1.0,0.3,3.0,0.4,0.4,0.0,0.2
4,4,Out-Of-Distribution Detection Is Not All You Need,2fdf63af2c04ac613b2acaf628d4a5dc60e84c8e,0.0,9.0,10.0,0.0,3.0,4.0,2.0,6.0,0.4666666666666666,,0.8833333333333334,,,1.0,0.17916666666666667,2.0,0.2222222222222222,0.0,0.3333333333333333,0.4444444444444444
5,5,Training Robust Deep Models for Time-Series Domain: Novel Algorithms and Theoretical Analysis,2e1861457a87d185b14bdc7d194ed2ad4d36088a,0.0,0.0,6.0,0.0,0.0,0.0,0.0,2.0,,0.38888888888888884,,0.7777777777777777,,,,,,,,
6,6,GuidedMixup: An Efficient Mixup Strategy Guided by Saliency Maps,8ddb147c006cdeae6cd38f458e9c7c337d5b0965,0.0,5.0,9.0,4.0,4.0,1.0,0.0,0.0,0.45,0.3970238095238095,0.9,0.794047619047619,,1.0,0.5555555555555556,5.0,0.0,0.8,0.0,0.2
7,7,Learning Topology-Specific Experts for Molecular Property Prediction,1604c2854370b9c6c9558b360c566f058ef33e7f,0.0,9.0,15.0,1.0,3.0,3.0,3.0,10.0,0.4,,0.8,,,1.0,0.16805555555555554,2.6666666666666665,0.3333333333333333,0.1111111111111111,0.2222222222222222,0.3333333333333333
8,8,QUILT: Effective Multi-Class Classification on Quantum Computers Using an Ensemble of Diverse Quantum Classifiers,ea44927c57909af47d5680ff2af256d8f8597ce8,0.0,9.0,10.0,2.0,2.0,6.0,1.0,4.0,,0.35,,0.7,,0.5,0.06085858585858586,0.6666666666666666,0.1111111111111111,0.2222222222222222,0.0,0.6666666666666666
9,9,Solving Disjunctive Temporal Networks with Uncertainty under Restricted Time-Based Controllability using Tree Search and Graph Neural Networks,4fda71d3c53f1dea835ae181921bcf259de59ebb,0.0,6.0,12.0,2.0,2.0,3.0,1.0,0.0,0.5,0.4303030303030304,1.0,0.8606060606060608,,1.0,0.25000000000000006,3.0,0.16666666666666666,0.3333333333333333,0.0,0.5
10,10,Misspecification in Inverse Reinforcement Learning,aae382fe95b061018f214b1f101c55b6f4ae176b,0.0,13.0,21.0,1.0,1.0,5.0,7.0,2.0,,0.30018037518037516,,0.6003607503607503,,0.6,0.05714285714285714,1.2,0.5384615384615384,0.07692307692307693,0.0,0.38461538461538464
11,11,Query-based Hard-Image Retrieval for Object Detection at Test Time,2a51f94fe7750a010f2e86e2936eca3cbde51796,0.0,16.0,16.0,0.0,0.0,8.0,8.0,2.0,,0.3409090909090909,,0.6818181818181818,,0.375,0.04457720588235294,0.75,0.5,0.0,0.0,0.5
12,12,TIGGER: Scalable Generative Modelling for Temporal Interaction Graphs,03492c9764cadf512726d922de7d337ed9ef54fb,0.0,17.0,23.0,2.0,2.0,9.0,6.0,7.0,0.33999999999999997,0.23999999999999994,0.6799999999999999,0.47999999999999987,,1.0,0.09002849002849003,2.2222222222222223,0.35294117647058826,0.11764705882352941,0.0,0.5294117647058824
13,13,Feedback Gradient Descent: Efficient and Stable Optimization with Orthogonality for DNNs,f58d73b7321f0d8ab0072a9f437607bc217975a7,0.0,15.0,38.0,6.0,6.0,7.0,2.0,2.0,0.16666666666666666,0.301996482219606,0.3333333333333333,0.603992964439212,,1.0,0.06323501060343165,2.4285714285714284,0.13333333333333333,0.4,0.0,0.4666666666666667
14,14,"Hypergraph Modeling via Spectral Embedding Connection: Hypergraph Cut, Weighted Kernel k-means, and Heat Kernel",46315c539361a20f750a329469f830df99e77ded,0.0,11.0,14.0,1.0,2.0,6.0,3.0,0.0,,0.34889807162534436,,0.6977961432506887,,1.0,0.10555555555555556,1.5,0.2727272727272727,0.09090909090909091,0.09090909090909091,0.5454545454545454
15,15,DHGE: Dual-view Hyper-Relational Knowledge Graph Embedding for Link Prediction and Entity Typing,dc26b544e5bbdd149d6e52ab6e3fe155684829a2,0.0,5.0,8.0,1.0,1.0,3.0,1.0,1.0,,0.3361111111111112,,0.6722222222222224,,1.0,0.20833333333333334,1.6666666666666667,0.2,0.2,0.0,0.6
16,16,NaturalInversion: Data-Free Image Synthesis Improving Real-World Consistency,6b1ac12dde02e4894c08fa7f4c340bd4911dc979,0.0,13.0,15.0,4.0,4.0,9.0,0.0,1.0,0.3593602693602694,0.20185185185185184,0.6496536796536797,0.4037037037037037,,0.8888888888888888,0.17382567505116525,3.2222222222222223,0.0,0.3076923076923077,0.0,0.6923076923076923
17,17,AutoCost: Evolving Intrinsic Cost for Zero-violation Reinforcement Learning,b65e9e7f500437a01848ac6fde6692e6b241de85,0.0,7.0,9.0,3.0,3.0,3.0,1.0,2.0,0.33333333333333337,0.375,0.6666666666666667,0.75,,1.0,0.17037037037037037,1.6666666666666667,0.14285714285714285,0.42857142857142855,0.0,0.42857142857142855
18,18,Enhancing the Antidote: Improved Pointwise Certifications against Poisoning Attacks,5251da262f05511dfcd48e527ddf2d781e1c33a5,1.0,8.0,12.0,1.0,3.0,5.0,0.0,0.0,,0.2761904761904762,,0.5223809523809524,,1.0,0.33653846153846156,4.6,0.0,0.125,0.25,0.625
19,19,SLOTH: Structured Learning and Task-based Optimization for Time Series Forecasting on Hierarchies,6b180f97412efe688d335f409a6589c1de6675a5,0.0,6.0,13.0,3.0,3.0,1.0,2.0,1.0,,0.3544642857142857,,0.7089285714285714,,1.0,0.07692307692307693,1.0,0.3333333333333333,0.5,0.0,0.16666666666666666
20,20,Reinforcement Learning for Branch-and-Bound Optimisation using Retrospective Trajectories,3212c957a11a46d059e981826372914045f5cc4a,0.0,9.0,13.0,2.0,3.0,3.0,3.0,5.0,,0.35,,0.7,,0.6666666666666666,0.04945054945054945,0.6666666666666666,0.3333333333333333,0.2222222222222222,0.1111111111111111,0.3333333333333333
21,21,Equi-Tuning: Group Equivariant Fine-Tuning of Pretrained Models,45693b1fa3c1fcb89a67827fd63b45f0bacf0185,0.0,3.0,3.0,1.0,1.0,1.0,1.0,1.0,,,,,,1.0,0.6666666666666666,2.0,0.3333333333333333,0.3333333333333333,0.0,0.3333333333333333
22,22,Forecasting with Sparse but Informative Variables: A Case Study in Predicting Blood Glucose,6e59b0e36f7801a19925a4f82a47ff309fc172c9,0.0,3.0,9.0,0.0,0.0,0.0,3.0,7.0,,,,,,,,,1.0,0.0,0.0,0.0
23,23,Automated Play-Testing through RL Based Human-Like Play-Styles Generation,803cce3f1711810a049a03aafd48465ce3da0dec,0.0,2.0,3.0,1.0,1.0,1.0,0.0,0.0,,,,,,1.0,0.3333333333333333,1.0,0.0,0.5,0.0,0.5
24,24,FastAMI - a Monte Carlo Approach to the Adjustment for Chance in Clustering Comparison Metrics,54b2c1035b4da593e62f6658a6e064a56c743c16,0.0,14.0,16.0,4.0,4.0,5.0,5.0,4.0,0.37063492063492065,0.3808035714285714,0.6428571428571429,0.7351190476190476,,0.8,0.18169934640522878,3.2,0.35714285714285715,0.2857142857142857,0.0,0.35714285714285715
25,25,Diffusion Curvature for Estimating Local Curvature in High Dimensional Data,8995f9ca39248301832c2e071b23e65855aa4c80,0.0,3.0,3.0,1.0,2.0,1.0,0.0,3.0,,,,,,1.0,0.3333333333333333,1.0,0.0,0.3333333333333333,0.3333333333333333,0.3333333333333333
26,26,On the Effect of Pre-training for Transformer in Different Modality on Offline Reinforcement Learning,160821fa1cfd66f90d145f144e0b81e3e62fbcb5,0.0,10.0,14.0,4.0,4.0,5.0,1.0,0.0,0.31666666666666665,0.34161856661856654,0.6333333333333333,0.6685185185185185,,1.0,0.17142857142857143,2.4,0.1,0.4,0.0,0.5
27,27,Large Language Model as Attributed Training Data Generator: A Tale of Diversity and Bias,78c488e2d84bd193a40006b1fceb03e3845b81d4,0.0,10.0,18.0,1.0,2.0,6.0,2.0,2.0,0.38571428571428573,0.36460974922513384,0.7714285714285715,0.6952662721893491,,1.0,0.20956558061821218,4.333333333333333,0.2,0.1,0.1,0.6
28,28,PaCo: Parameter-Compositional Multi-Task Reinforcement Learning,16a025da96491c1cc0272a82c6ab60f3d363aac3,0.0,1.0,5.0,1.0,1.0,0.0,0.0,0.0,,0.4375,,0.875,,,,,0.0,1.0,0.0,0.0
29,29,"Understanding, Predicting and Better Resolving Q-Value Divergence in Offline-RL",9f923edcb6b8281d178c398b72f22190ba8247bf,0.0,17.0,23.0,5.0,7.0,9.0,1.0,0.0,0.38818803935083,0.3371284285976707,0.7317182817182817,0.6482068331004932,,0.8888888888888888,0.2253864734299517,5.555555555555555,0.058823529411764705,0.29411764705882354,0.11764705882352941,0.5294117647058824
30,30,Differentiable Analog Quantum Computing for Optimization and Control,255d74d345f8fdb5b3bb5030c73a5cabee611a45,0.0,15.0,17.0,7.0,7.0,8.0,0.0,1.0,0.29047619047619044,0.32517006802721093,0.5809523809523809,0.6503401360544219,,1.0,0.16619367045063638,3.125,0.0,0.4666666666666667,0.0,0.5333333333333333
31,31,Canonical normalizing flows for manifold learning,4860d11504e3aeaad96b5b128a1444969bc63f63,0.0,12.0,17.0,3.0,3.0,4.0,5.0,4.0,0.4066666666666666,0.43357164720801084,0.8133333333333332,0.8511544011544011,,1.0,0.22058823529411767,3.75,0.4166666666666667,0.25,0.0,0.3333333333333333
32,32,Semantic segmentation of sparse irregular point clouds for leaf/wood discrimination,65a896606b8f318eea0a466cbb74d0d2b871047b,1.0,3.0,13.0,2.0,2.0,1.0,0.0,2.0,,0.35,,0.7,,1.0,0.07692307692307693,1.0,0.0,0.6666666666666666,0.0,0.3333333333333333
33,33,How a student becomes a teacher: learning and forgetting through Spectral methods,d8d1c480d0657b8a8b351f8af438740d7bdb391d,0.0,10.0,10.0,2.0,4.0,6.0,0.0,1.0,0.282312925170068,0.2805555555555556,0.39999999999999997,0.5611111111111112,,0.8333333333333334,0.25293317793317793,3.0,0.0,0.2,0.2,0.6
34,34,Support Recovery in Sparse PCA with Incomplete Data,1e4d32fdaa4f622f7aa15ddb53ab3fa9a0bb4810,0.0,15.0,14.0,7.0,7.0,6.0,2.0,2.0,0.3863275613275613,0.38849206349206344,0.7726551226551226,0.7769841269841269,,0.8333333333333334,0.3017331932773109,5.0,0.13333333333333333,0.4666666666666667,0.0,0.4
35,35,Beyond Uniform Sampling: Offline Reinforcement Learning with Imbalanced Datasets,4ff5aa25088ad899a23e6ec0385ff5bd0e5efc68,0.0,14.0,18.0,3.0,4.0,8.0,2.0,1.0,0.21037037037037037,0.36569736915131645,0.41380952380952374,0.6876883533133533,,1.0,0.1858128522888248,3.875,0.14285714285714285,0.21428571428571427,0.07142857142857142,0.5714285714285714
36,36,Self-Supervised Contrastive Pre-Training For Time Series via Time-Frequency Consistency,648d90b713997a771e2c49f02cd771e8b7b10b37,0.0,19.0,30.0,0.0,2.0,15.0,2.0,15.0,0.2738095238095238,0.34351851851851856,0.5476190476190476,0.5,,0.7333333333333333,0.07611070381231672,2.4,0.10526315789473684,0.0,0.10526315789473684,0.7894736842105263
37,37,Efficient Aggregated Kernel Tests using Incomplete U-statistics,fe8208d09ee86075b828cf12124c5d27f10a355d,0.0,21.0,32.0,4.0,5.0,11.0,5.0,0.0,0.22194444444444444,0.29690237423547355,0.4438888888888889,0.5771880029692529,,0.6363636363636364,0.1337614591291062,4.545454545454546,0.23809523809523808,0.19047619047619047,0.047619047619047616,0.5238095238095238
38,38,Instance-based Learning for Knowledge Base Completion,64ba9c18eb97b1b5366e586ac1988df07c449932,0.0,15.0,15.0,3.0,3.0,11.0,1.0,1.0,0.33712121212121215,0.319462481962482,0.6742424242424243,0.638924963924964,,0.9090909090909091,0.21949096225412015,4.0,0.06666666666666667,0.2,0.0,0.7333333333333333
39,39,On the Theoretical Properties of Noise Correlation in Stochastic Optimization,182d800898eb99297e11c4d045e882953f21ed36,0.0,8.0,14.0,1.0,1.0,5.0,2.0,0.0,,0.2828282828282828,,0.5656565656565656,,1.0,0.12119047619047618,1.8,0.25,0.125,0.0,0.625
40,40,PDP: Parameter-free Differentiable Pruning is All You Need,c9052f3ccd02c3a841c1ca9ebda6b24dfd847762,0.0,19.0,25.0,2.0,5.0,13.0,1.0,1.0,0.3547878751357716,0.35685486011572976,0.6359350526017191,0.7137097202314595,,1.0,0.15710437968063962,4.384615384615385,0.05263157894736842,0.10526315789473684,0.15789473684210525,0.6842105263157895
41,41,Concentration of Data Encoding in Parameterized Quantum Circuits,75f62fa6922737b4785fb7aaedec71b89a8918cb,0.0,20.0,39.0,4.0,5.0,10.0,5.0,0.0,0.36226851851851855,0.22439034730701396,0.7023809523809523,0.4423630381963715,,0.8,0.09615384615384615,3.8,0.25,0.2,0.05,0.5
42,42,Beyond Myopia: Learning from Positive and Unlabeled Data through Holistic Predictive Trends,cda12226872833f5cabb7d5c16fc6252e157299a,0.0,15.0,20.0,2.0,3.0,6.0,6.0,4.0,,0.26666666666666666,,0.5333333333333333,,0.8333333333333334,0.12261904761904761,2.5,0.4,0.13333333333333333,0.06666666666666667,0.4
43,43,Towards Reasonable Budget Allocation in Untargeted Graph Structure Attacks via Gradient Debias,512cc73b15ab4afd8f383152c041d566fc5d43a7,0.0,8.0,14.0,0.0,2.0,5.0,1.0,6.0,0.35555555555555557,0.5001984126984127,0.7111111111111111,0.8055555555555555,,1.0,0.18382352941176472,3.0,0.125,0.0,0.25,0.625
44,44,Private Set Generation with Discriminative Information,f8aa81482d46c61a7da9256036f277e65681d164,0.0,12.0,15.0,1.0,4.0,8.0,0.0,2.0,0.3629188712522045,0.4002525252525253,0.725837742504409,0.8005050505050506,,0.75,0.15203227124183008,2.75,0.0,0.08333333333333333,0.25,0.6666666666666666
45,45,Power and limitations of single-qubit native quantum neural networks,45ebd34033b7a5ec61b4c870271ae2a42d6a5a0a,0.0,16.0,30.0,3.0,3.0,12.0,1.0,0.0,0.2201058201058201,0.2169312169312169,0.4075396825396825,0.418574481074481,,1.0,0.1719603002898781,5.75,0.0625,0.1875,0.0,0.75
46,46,Getting ViT in Shape: Scaling Laws for Compute-Optimal Model Design,16b4620b59bfef414d702214a717856c943db7fb,0.0,23.0,31.0,5.0,7.0,11.0,5.0,0.0,0.3096938775510204,0.3127324627079529,0.6193877551020408,0.6039642927878222,,0.8181818181818182,0.08317472483528202,2.727272727272727,0.21739130434782608,0.21739130434782608,0.08695652173913043,0.4782608695652174
47,47,Learning to Navigate Wikipedia by Taking Random Walks,aa0f9140497bc746a1123de54ce496cf6e6222a5,0.0,2.0,3.0,1.0,1.0,1.0,0.0,3.0,,,,,,1.0,0.3333333333333333,1.0,0.0,0.5,0.0,0.5
48,48,Score-based Generative Modeling Secretly Minimizes the Wasserstein Distance,d86f6b90c69793d0e9a479b7dbe7a59300364bfa,0.0,12.0,16.0,5.0,5.0,7.0,0.0,1.0,0.30361111111111116,0.37882635882635884,0.635,0.7576527176527177,,1.0,0.23109243697478996,3.857142857142857,0.0,0.4166666666666667,0.0,0.5833333333333334
49,49,Instance-optimal PAC Algorithms for Contextual Bandits,58be30655a4ef36fc60b9914c94673c5466d6038,0.0,14.0,18.0,3.0,3.0,11.0,0.0,2.0,0.25802927231498657,0.3311856661856662,0.5160585446299731,0.6346031746031747,,0.9090909090909091,0.14522227735666468,3.3636363636363638,0.0,0.21428571428571427,0.0,0.7857142857142857
50,50,Fast Bayesian Inference with Batch Bayesian Quadrature via Kernel Recombination,83c520e850bc3695c678101aa5af57199df5829e,0.0,2.0,7.0,2.0,2.0,0.0,0.0,1.0,,0.5,,1.0,,,,,0.0,1.0,0.0,0.0
51,51,FedFed: Feature Distillation against Data Heterogeneity in Federated Learning,d9586b8082e0f87c741870b5d1babc120c2fb635,0.0,17.0,21.0,5.0,7.0,8.0,2.0,1.0,0.35000901875901874,0.34782225875975875,0.6667328042328041,0.6683774558774559,,1.0,0.15459133258046304,3.5,0.11764705882352941,0.29411764705882354,0.11764705882352941,0.47058823529411764
52,52,Minimax Regret for Cascading Bandits,7b09f08d61d35568fc2c218759f5fb2ca7ce97a4,0.0,7.0,11.0,1.0,2.0,5.0,0.0,0.0,0.35,0.3525974025974026,0.7,0.6783549783549784,,1.0,0.2106060606060606,2.4,0.0,0.14285714285714285,0.14285714285714285,0.7142857142857143
53,53,Exact Bayesian Inference on Discrete Models via Probability Generating Functions: A Probabilistic Programming Approach,659d2997af18f6f40802de2d146a4488692ee1b0,0.0,7.0,14.0,0.0,0.0,6.0,1.0,1.0,,0.26666666666666666,,0.5333333333333333,,0.8333333333333334,0.15148809523809523,2.3333333333333335,0.14285714285714285,0.0,0.0,0.8571428571428571
54,54,A Deep Reinforcement Learning Framework For Column Generation,4e3f68bc2114371dcf24a2ef4e3c0ebcb56c76f1,0.0,3.0,4.0,0.0,1.0,0.0,2.0,1.0,,,,,,,,,0.6666666666666666,0.0,0.3333333333333333,0.0
55,55,Bounding and Approximating Intersectional Fairness through Marginal Fairness,0f38838ece2fb3ff9218f2fd942703fe13f336fa,0.0,16.0,20.0,5.0,6.0,8.0,2.0,2.0,0.38871366728509577,0.34769381852715187,0.6998196248196248,0.6689221272554605,,1.0,0.2363368515542429,5.375,0.125,0.3125,0.0625,0.5
56,56,On the Convergence and Sample Complexity Analysis of Deep Q-Networks with ε-Greedy Exploration,154a0dc6aa4fd7c0d3160cdce42735d65e58084d,0.0,21.0,26.0,3.0,3.0,14.0,4.0,5.0,0.3194444444444445,0.31868686868686863,0.638888888888889,0.6373737373737373,,0.8571428571428571,0.06431042502471072,1.7857142857142858,0.19047619047619047,0.14285714285714285,0.0,0.6666666666666666
57,57,Precise Regret Bounds for Log-loss via a Truncated Bayesian Algorithm,a6f7c23a2f2985d78d72f32ef0164356bb605ecb,0.0,15.0,27.0,1.0,1.0,11.0,3.0,0.0,0.08015873015873017,0.26221653860542754,0.16031746031746033,0.5229950091061203,,0.7272727272727273,0.07178196499664796,2.0,0.2,0.06666666666666667,0.0,0.7333333333333333
58,58,Tree Mover's Distance: Bridging Graph Metrics and Stability of Graph Neural Networks,97aebea05725f19f099762cdcbec41b670780eb5,0.0,5.0,11.0,2.0,3.0,2.0,0.0,1.0,0.3888888888888889,0.32333333333333336,0.7777777777777778,0.6466666666666667,,1.0,0.22727272727272727,2.5,0.0,0.4,0.2,0.4
59,59,MMD-FUSE: Learning and Combining Kernels for Two-Sample Testing Without Data Splitting,2311d3b473a4d49a07337da1bbe948a03c21e22c,0.0,22.0,27.0,5.0,7.0,14.0,1.0,1.0,0.3856206171995646,0.41200751588026224,0.7589124325966431,0.7781198801198801,,0.9285714285714286,0.14414204157073215,4.428571428571429,0.045454545454545456,0.22727272727272727,0.09090909090909091,0.6363636363636364
60,60,A Holistic Approach to Unifying Automatic Concept Extraction and Concept Importance Estimation,d83a51ae59a7c47922cfa12c56e2a8c5a5f11172,0.0,0.0,0.0,0.0,0.0,0.0,1.0,0.0,,,,,,,,,inf,,,
61,61,Procedural Image Programs for Representation Learning,1e0cf0e78bc145c0096b19b80ec2603c9cf03247,0.0,0.0,5.0,0.0,0.0,0.0,0.0,2.0,,,,,,,,,,,,
62,62,Bivariate Causal Discovery for Categorical Data via Classification with Optimal Label Permutation,05621ec9cd3c1882ae16fc0e05ce57152bf58ff9,0.0,13.0,24.0,1.0,1.0,7.0,5.0,0.0,,0.395312397050365,,0.79062479410073,,0.8571428571428571,0.12469271469271469,3.2857142857142856,0.38461538461538464,0.07692307692307693,0.0,0.5384615384615384
63,63,Effective Dimension in Bandit Problems under Censorship,5ff9d7884259669f9f7ce10560b3c42bbeb70f31,0.0,14.0,35.0,3.0,3.0,9.0,2.0,4.0,0.38518518518518513,0.34131219563911874,0.7703703703703703,0.6279330318804003,,1.0,0.1930874194032089,7.333333333333333,0.14285714285714285,0.21428571428571427,0.0,0.6428571428571429
64,64,RényiCL: Contrastive Representation Learning with Skew Rényi Divergence,15f206d7523e5224eb3e509e3356cf64b3c3ad9f,0.0,13.0,29.0,5.0,6.0,7.0,0.0,2.0,0.30410830999066296,0.37273719376484893,0.508994708994709,0.6870632873571807,,1.0,0.18732056782668574,5.714285714285714,0.0,0.38461538461538464,0.07692307692307693,0.5384615384615384
65,65,Contrast Everything: A Hierarchical Contrastive Framework for Medical Time-Series,9331fe5ae1d8c16a36037dd0f0378ccac7d5f230,0.0,7.0,21.0,1.0,1.0,5.0,1.0,12.0,,0.21428571428571427,,0.42857142857142855,,0.6,0.04588744588744589,1.0,0.14285714285714285,0.14285714285714285,0.0,0.7142857142857143
66,66,Explain My Surprise: Learning Efficient Long-Term Memory by Predicting Uncertain Outcomes,cfc5d3032c0c370892eb42687162afbb75455778,0.0,15.0,17.0,4.0,4.0,11.0,0.0,0.0,0.3419642857142857,0.24319291819291822,0.6839285714285714,0.48638583638583643,,1.0,0.1778941560675307,3.3636363636363638,0.0,0.26666666666666666,0.0,0.7333333333333333
67,67,Non-Linear Coordination Graphs,de876fa8ad19637db2efe0cc4c20e946124d51a3,0.0,14.0,16.0,1.0,2.0,7.0,5.0,0.0,0.32142857142857145,0.3911493487098326,0.6428571428571429,0.7128517316017315,,0.42857142857142855,0.1319548872180451,2.5714285714285716,0.35714285714285715,0.07142857142857142,0.07142857142857142,0.5
68,68,DropCompute: simple and more robust distributed synchronous training via compute variance reduction,1c7d3a359f4029e5384d784ce118ab53e71877b6,0.0,8.0,11.0,0.0,1.0,7.0,0.0,1.0,,0.325,,0.65,,0.8571428571428571,0.16287878787878787,2.0,0.0,0.0,0.125,0.875
69,69,Neural Conservation Laws: A Divergence-Free Perspective,af00c69701fdce1306e0e41ebd7d4517fcc24dc8,0.0,3.0,7.0,1.0,2.0,0.0,1.0,5.0,,,,,,,,,0.3333333333333333,0.3333333333333333,0.3333333333333333,0.0
70,70,Curriculum Reinforcement Learning using Optimal Transport via Gradual Domain Adaptation,86785b861d24776bdc0f123e73a8a401f25d72e4,0.0,9.0,14.0,2.0,2.0,4.0,3.0,4.0,0.375,0.34761904761904766,0.75,0.6952380952380953,,1.0,0.2605654761904762,4.0,0.3333333333333333,0.2222222222222222,0.0,0.4444444444444444
71,71,RanPAC: Random Projections and Pre-trained Models for Continual Learning,a522efa0a479bcd368407576ba13d82ee011f581,0.0,20.0,29.0,0.0,2.0,16.0,2.0,3.0,0.3508319458319458,0.3244914036580704,0.7016638916638916,0.6259499759499759,,0.9375,0.2374766241637638,8.375,0.1,0.0,0.1,0.8
72,72,Mirror Descent Maximizes Generalized Margin and Can Be Implemented Efficiently,a019b71e770d78824b0b9bc265cec63632d19d99,0.0,20.0,27.0,1.0,1.0,14.0,5.0,2.0,0.2652777777777778,0.3582399267399268,0.5305555555555556,0.621388888888889,,0.8571428571428571,0.12149277258178019,3.7142857142857144,0.25,0.05,0.0,0.7
73,73,Adaptive Selective Sampling for Online Prediction with Experts,309dc5a8736c5c0a883a3d8e8fb5ca445114a193,0.0,26.0,31.0,8.0,8.0,16.0,2.0,2.0,0.3424051581946319,0.2896210131300883,0.6363476030142698,0.5615570327108789,,0.875,0.12083071926228944,4.125,0.07692307692307693,0.3076923076923077,0.0,0.6153846153846154
74,74,Deep Contract Design via Discontinuous Networks,39126bdfdd62d95c760f65d1c09a4e118e18282b,0.0,27.0,46.0,1.0,2.0,17.0,8.0,12.0,0.25,0.34400913233930314,0.5,0.6849282280022317,,0.7058823529411765,0.04987401065884262,2.411764705882353,0.2962962962962963,0.037037037037037035,0.037037037037037035,0.6296296296296297
75,75,Efficient Equivariant Transfer Learning from Pretrained Models,5bcb0a4d74c7ea0cda31eab0fa44618fec7e2642,0.0,2.0,8.0,0.0,0.0,1.0,1.0,2.0,,,,,,1.0,0.25,2.0,0.5,0.0,0.0,0.5
76,76,Globally Gated Deep Linear Networks,70250717a661453c10dd43961d3dde3b96df08a2,0.0,9.0,13.0,0.0,0.0,8.0,1.0,1.0,0.36111111111111116,0.3466666666666667,0.7222222222222223,0.6666666666666667,,0.875,0.19632285606550312,3.0,0.1111111111111111,0.0,0.0,0.8888888888888888
77,77,Reinforcement Learning in a Birth and Death Process: Breaking the Dependence on the State Space,a25f9bd0613b75d2c3b7e5215d7423b67c5d64de,1.0,13.0,17.0,2.0,2.0,8.0,4.0,2.0,0.4474206349206349,0.3838032338032339,0.7,0.7412476412476412,,0.875,0.20894607843137256,3.625,0.3076923076923077,0.15384615384615385,0.0,0.6153846153846154
78,78,Going Beyond Linear Mode Connectivity: The Layerwise Linear Feature Connectivity,617bf3c2e34f0907fe610d9ced5cf83184fedb1b,0.0,5.0,10.0,1.0,2.0,1.0,2.0,1.0,,0.4740079365079365,,0.8345238095238097,,0.0,0.0,0.0,0.4,0.2,0.2,0.2
79,79,Perturbation Learning Based Anomaly Detection,6823583720f1ccaf027c1dc8f158d406d7ea4bb1,0.0,21.0,32.0,6.0,7.0,13.0,1.0,3.0,0.2561904761904762,0.26144200633674314,0.5123809523809524,0.5144116702011438,,0.9230769230769231,0.15090473252237957,5.076923076923077,0.047619047619047616,0.2857142857142857,0.047619047619047616,0.6190476190476191
80,80,Combining Explicit and Implicit Regularization for Efficient Learning in Deep Networks,66816773473430da0d2464b01e9643769dbdaa5b,0.0,12.0,15.0,5.0,5.0,7.0,0.0,4.0,0.31462585034013607,0.2033333333333333,0.6292517006802721,0.4066666666666666,,1.0,0.10630252100840336,1.7142857142857142,0.0,0.4166666666666667,0.0,0.5833333333333334
81,81,Increasing the Scope as You Learn: Adaptive Bayesian Optimization in Nested Subspaces,9b8da186249fb0715d3feba9b5b62299857ec1e4,0.0,19.0,35.0,3.0,3.0,9.0,7.0,2.0,0.29999999999999993,0.24660655929038286,0.5999999999999999,0.4932131185807657,,0.8888888888888888,0.06598026598026599,2.3333333333333335,0.3684210526315789,0.15789473684210525,0.0,0.47368421052631576
82,82,On the Robustness of Graph Neural Diffusion to Topology Perturbations,489da8995c34704bb285d902d73c938c7bc4dd4e,0.0,20.0,29.0,4.0,7.0,7.0,6.0,0.0,0.37506313131313135,0.3491303540323148,0.7314814814814815,0.6631633798300463,,1.0,0.22147359499973515,6.571428571428571,0.3,0.2,0.15,0.35
83,83,Revisiting Neural Scaling Laws in Language and Vision,fb9f9e98d35340875905730e1a80221fec818944,0.0,8.0,29.0,1.0,1.0,4.0,3.0,4.0,,0.32931239131239126,,0.6430451770451769,,0.75,0.0339080459770115,1.0,0.375,0.125,0.0,0.5
84,84,DYffusion: A Dynamics-informed Diffusion Model for Spatiotemporal Forecasting,195dc158fa820c70f9d9892b7f2a150ca0cfc939,0.0,10.0,22.0,0.0,0.0,8.0,2.0,4.0,0.29166666666666663,0.4050124893563432,0.5833333333333333,0.7715268858126001,,0.625,0.11784388618627749,2.875,0.2,0.0,0.0,0.8
85,85,Maximum Common Subgraph Guided Graph Retrieval: Late and Early Interaction Networks,9a580baf4b69da3dac2b3ff867b2590cd37ab857,0.0,31.0,63.0,5.0,6.0,14.0,11.0,3.0,0.4125,0.2642448546370115,0.825,0.528489709274023,,0.9285714285714286,0.061181700244200235,3.9285714285714284,0.3548387096774194,0.16129032258064516,0.03225806451612903,0.45161290322580644
86,86,Rethinking Semi-Supervised Imbalanced Node Classification from Bias-Variance Decomposition,091a1eb4e38911ce97dee2c88e5fbe18f42da6b8,0.0,12.0,14.0,2.0,3.0,5.0,4.0,2.0,0.5,0.47705627705627707,1.0,0.8632034632034632,,1.0,0.18095238095238092,2.6,0.3333333333333333,0.16666666666666666,0.08333333333333333,0.4166666666666667
87,87,Bridging the Gap Between Vision Transformers and Convolutional Neural Networks on Small Datasets,08d955fc4a6f90fb90640004e8138694de68286a,0.0,25.0,37.0,9.0,12.0,13.0,0.0,1.0,0.35047322246452167,0.30290569140012763,0.6401599882745395,0.5804180596254025,,1.0,0.16098270302441284,6.6923076923076925,0.0,0.36,0.12,0.52
88,88,A Quadrature Rule combining Control Variates and Adaptive Importance Sampling,5b95957db604081a574d9d5ca8b9a1765fc7482e,0.0,10.0,29.0,2.0,3.0,2.0,5.0,1.0,,0.3473807941479242,,0.6291221458280282,,1.0,0.08620689655172414,2.5,0.5,0.2,0.1,0.2
89,89,Transformers learn to implement preconditioned gradient descent for in-context learning,f5e9337477d7a9eb6267d0310549fdefafbb7fe2,0.0,17.0,25.0,5.0,6.0,9.0,2.0,0.0,0.3336399711399711,0.25150091454439283,0.6672799422799423,0.5030018290887857,,1.0,0.11412788857233301,3.111111111111111,0.11764705882352941,0.29411764705882354,0.058823529411764705,0.5294117647058824
90,90,You Only Live Once: Single-Life Reinforcement Learning,e199e494ca2006a350c51cecfd70659d55e14675,0.0,1.0,1.0,1.0,1.0,0.0,0.0,1.0,,,,,,,,,0.0,1.0,0.0,0.0
91,91,Non-Convex Bilevel Optimization with Time-Varying Objective Functions,6f6e2139eb762f857ca1093e699de243fa0613dd,0.0,11.0,15.0,0.0,0.0,5.0,6.0,3.0,,0.34190476190476193,,0.6838095238095239,,0.8,0.11499999999999999,1.8,0.5454545454545454,0.0,0.0,0.45454545454545453
92,92,Self-Correcting Bayesian Optimization through Bayesian Active Learning,54d2ad98be9f89359e0b523121d5cc028cc79099,0.0,26.0,34.0,6.0,9.0,14.0,3.0,1.0,0.19149110149110146,0.29807272927573675,0.3829822029822029,0.6012191546965983,,0.9285714285714286,0.13725141401595808,5.285714285714286,0.11538461538461539,0.23076923076923078,0.11538461538461539,0.5384615384615384
93,93,Neural Estimation of Submodular Functions with Applications to Differentiable Subset Selection,fb9f8fe6f7b3c2fb493d4ce3c8b8223ca3f6abcc,0.0,0.0,0.0,0.0,0.0,0.0,1.0,0.0,,,,,,,,,inf,,,
94,94,Quark: Controllable Text Generation with Reinforced Unlearning,023edab4738690444e3924e224c2641017a0d794,0.0,18.0,22.0,5.0,6.0,9.0,3.0,2.0,0.3406084656084656,0.33141711229946524,0.6812169312169312,0.5880485527544351,,1.0,0.1257502561850388,2.888888888888889,0.16666666666666666,0.2777777777777778,0.05555555555555555,0.5
95,95,Spending Thinking Time Wisely: Accelerating MCTS with Virtual Expansions,b9263e73468186b64af6991c54eeb8a612d205e4,0.0,9.0,10.0,1.0,3.0,3.0,3.0,3.0,0.5,0.3833333333333333,1.0,0.7666666666666666,,1.0,0.13333333333333333,1.3333333333333333,0.3333333333333333,0.1111111111111111,0.2222222222222222,0.3333333333333333
96,96,Amortized Inference for Heterogeneous Reconstruction in Cryo-EM,09d08cc39e283cf6b714685e650ac8b95586e132,0.0,6.0,7.0,0.0,1.0,5.0,0.0,0.0,0.35000000000000003,0.43333333333333335,0.7000000000000001,0.811111111111111,,0.2,0.05,0.4,0.0,0.0,0.16666666666666666,0.8333333333333334
97,97,Imitating Human Behaviour with Diffusion Models,b43330013a5abcccd366d71f2f66c493c790abc6,0.0,1.0,16.0,0.0,0.0,0.0,1.0,6.0,,0.34523809523809523,,0.6904761904761905,,,,,1.0,0.0,0.0,0.0
98,98,How to prepare your task head for finetuning,75852ed23746bb8fceebeef8c5ae2d228b83dd24,0.0,7.0,7.0,1.0,1.0,6.0,0.0,1.0,,,,,,0.6666666666666666,0.12976190476190474,1.0,0.0,0.14285714285714285,0.0,0.8571428571428571
99,99,Interpretability with full complexity by constraining feature information,718d22c746ded92caf5d79638a1b5ac6405ca200,0.0,13.0,13.0,3.0,6.0,5.0,2.0,1.0,0.29166666666666663,0.33888888888888885,0.5833333333333333,0.6388888888888888,,0.6,0.12119047619047618,1.8,0.15384615384615385,0.23076923076923078,0.23076923076923078,0.38461538461538464
100,100,Post hoc Explanations may be Ineffective for Detecting Unknown Spurious Correlation,d3fb854e4e97cab40d1c076cd6e88439a0227249,0.0,16.0,23.0,1.0,4.0,9.0,3.0,0.0,0.33095238095238094,0.18936393467643464,0.6619047619047619,0.3783882783882783,,0.8888888888888888,0.10301608929628253,2.5555555555555554,0.1875,0.0625,0.1875,0.5625
101,101,Transfer Learning with Deep Tabular Models,96e22af70f9ca575ebfe648677aced03c6c8803d,0.0,14.0,22.0,4.0,6.0,4.0,4.0,6.0,0.5,0.3404431216931217,1.0,0.6808862433862434,,1.0,0.09605566534914362,2.25,0.2857142857142857,0.2857142857142857,0.14285714285714285,0.2857142857142857
102,102,Fast Nonlinear Vector Quantile Regression,e89ba5d9bbe6c6e849708e8081c4e23884e61ed9,0.0,8.0,10.0,3.0,3.0,2.0,3.0,2.0,,0.3194444444444445,,0.638888888888889,,1.0,0.1,1.0,0.375,0.375,0.0,0.25
103,103,Anamnesic Neural Differential Equations with Orthogonal Polynomial Projections,be30fc0627babcc50974c940847e8ba6f796e632,0.0,6.0,7.0,1.0,1.0,2.0,3.0,1.0,,0.38888888888888884,,0.7777777777777777,,1.0,0.1875,1.5,0.5,0.16666666666666666,0.0,0.3333333333333333
104,104,Learning Topology-Preserving Data Representations,e2f69d96c20acce19ca53a4086d9ac702237cead,1.0,10.0,13.0,2.0,2.0,7.0,1.0,0.0,0.3592592592592592,0.33101851851851855,0.7185185185185184,0.6620370370370371,,0.8571428571428571,0.14906462585034014,2.142857142857143,0.1,0.2,0.0,0.7
105,105,Sparse Distributed Memory is a Continual Learner,8045973dfc73ba945bb47c2181e955669e6270f9,0.0,6.0,9.0,2.0,2.0,4.0,0.0,1.0,,,,,,0.75,0.08055555555555555,0.75,0.0,0.3333333333333333,0.0,0.6666666666666666
106,106,Eagle: Large-Scale Learning of Turbulent Fluid Dynamics with Mesh Transformers,318e4159296cc0b5ad1d6a29e4b0e0411faeffb9,0.0,1.0,5.0,0.0,0.0,0.0,1.0,3.0,,,,,,,,,1.0,0.0,0.0,0.0
107,107,DiGress: Discrete Denoising diffusion for graph generation,037e4a4a9f07ffac25f41c608ea7cd45506da7e4,0.0,0.0,10.0,0.0,0.0,0.0,0.0,2.0,,0.35,,0.7,,,,,,,,
108,108,On Non-Random Missing Labels in Semi-Supervised Learning,410b8ab687f6f333e254512b49b8703908021fb2,0.0,10.0,16.0,1.0,1.0,3.0,6.0,3.0,,0.37777777777777777,,0.7555555555555555,,1.0,0.14583333333333334,2.3333333333333335,0.6,0.1,0.0,0.3
109,109,Is forgetting less a good inductive bias for forward transfer?,eaab8c5159fecd44687a1639d542e4fa4b2b0003,0.0,7.0,7.0,3.0,4.0,3.0,0.0,0.0,0.4333333333333334,0.3904761904761905,0.8666666666666668,0.780952380952381,,1.0,0.5555555555555556,5.0,0.0,0.42857142857142855,0.14285714285714285,0.42857142857142855
110,110,Artificial Neuronal Ensembles with Learned Context Dependent Gating,7f83b7fbde102f31b48678376c43ab7365a05ec7,0.0,18.0,21.0,3.0,3.0,14.0,1.0,1.0,0.27910052910052907,0.33689921189921185,0.5582010582010581,0.6737984237984237,,0.9285714285714286,0.1544827377591353,3.642857142857143,0.05555555555555555,0.16666666666666666,0.0,0.7777777777777778
111,111,Topological Experience Replay,a2ed2715d0175e93939e0d9f46f2580968c98020,0.0,9.0,9.0,3.0,5.0,0.0,4.0,0.0,0.3444444444444444,0.4444444444444444,0.5555555555555555,0.75,,,,,0.4444444444444444,0.3333333333333333,0.2222222222222222,0.0
112,112,"Momentum Stiefel Optimizer, with Applications to Suitably-Orthogonal Attention, and Optimal Transport",349cc55a7378286ad1acdbee58b77a2263f06a5c,0.0,24.0,37.0,5.0,6.0,10.0,8.0,1.0,0.5,0.29976725783177394,1.0,0.603835590932365,,0.5,0.03783783783783784,1.4,0.3333333333333333,0.20833333333333334,0.041666666666666664,0.4166666666666667
113,113,Harnessing Mixed Offline Reinforcement Learning Datasets via Trajectory Weighting,e672d0103fa44f73f15758d51d6a7046352ffd5e,0.0,21.0,22.0,0.0,1.0,18.0,2.0,3.0,0.2904572940287226,0.33313112326270217,0.5218820861678005,0.6262385762385762,,0.7777777777777778,0.10376781833452692,2.7777777777777777,0.09523809523809523,0.0,0.047619047619047616,0.8571428571428571
114,114,Systematic Rectification of Language Models via Dead-end Analysis,da5fcb26c830663b79c9aa1c550ae62e7725fcad,0.0,8.0,19.0,6.0,6.0,1.0,1.0,0.0,0.40476190476190477,0.331024531024531,0.8095238095238095,0.662049062049062,,1.0,0.3684210526315789,7.0,0.125,0.75,0.0,0.125
115,115,Information Gain Propagation: a new way to Graph Active Learning with Soft Labels,1a4d112a0460577e60542dac7008c302cb0052b6,0.0,6.0,6.0,0.0,2.0,3.0,1.0,4.0,0.3333333333333333,,0.6666666666666666,,,1.0,0.2261904761904762,1.6666666666666667,0.16666666666666666,0.0,0.3333333333333333,0.5
116,116,Beyond calibration: estimating the grouping loss of modern neural networks,6439d4e28820ebd37c704ef2f951bd983d988b84,0.0,4.0,11.0,1.0,1.0,1.0,2.0,0.0,,0.27499999999999997,,0.5499999999999999,,1.0,0.45454545454545453,5.0,0.5,0.25,0.0,0.25
117,117,A Tale of Two Flows: Cooperative Learning of Langevin Flow and Normalizing Flow Toward Energy-Based Model,e598e7a5ca5f37cf2e5fe6e3805f541bd65c5439,0.0,22.0,28.0,3.0,7.0,13.0,2.0,4.0,0.2887566137566137,0.34340254652754654,0.5775132275132274,0.68363233988234,,0.8461538461538461,0.07853985095364405,2.3076923076923075,0.09090909090909091,0.13636363636363635,0.18181818181818182,0.5909090909090909
118,118,Bitrate-Constrained DRO: Beyond Worst Case Robustness To Unknown Group Shifts,5e4437c0ef2bcfa06102341938d63e68762527a6,0.0,2.0,14.0,0.0,0.0,0.0,2.0,4.0,,0.4026785714285714,,0.8053571428571428,,,,,1.0,0.0,0.0,0.0
119,119,Trading Information between Latents in Hierarchical Variational Autoencoders,858ba8166ae64b04eebc014ab3c365692c2e5a78,0.0,10.0,15.0,6.0,6.0,3.0,1.0,1.0,0.4361111111111111,0.5821338383838384,0.5944444444444444,0.7946548821548821,,1.0,0.20000000000000004,3.0,0.1,0.6,0.0,0.3
120,120,Continual Pre-training of Language Models,e3ec55e9e6720194a0ed5d4033d93a941c8a4f99,0.0,9.0,12.0,3.0,3.0,3.0,3.0,2.0,0.5,0.375,1.0,0.75,,1.0,0.18803418803418803,2.3333333333333335,0.3333333333333333,0.3333333333333333,0.0,0.3333333333333333
121,121,Bilinear value networks,f1b306268ca7e61852f100334b8e969a34822bdc,0.0,5.0,5.0,0.0,2.0,1.0,2.0,0.0,,0.3611111111111111,,0.7222222222222222,,0.0,0.0,0.0,0.4,0.0,0.4,0.2
122,122,"Joint 2D-3D Multi-Task Learning on Cityscapes-3D: 3D Detection, Segmentation, and Depth Estimation",4e2a42d21b129eaf182bb238fdccfef76a5a9e00,0.0,21.0,23.0,3.0,3.0,17.0,1.0,2.0,0.39485612426788896,0.3608312303165244,0.7514955632602691,0.7216624606330488,,0.7647058823529411,0.1274037836673805,3.8823529411764706,0.047619047619047616,0.14285714285714285,0.0,0.8095238095238095
123,123,GAMR: A Guided Attention Model for (visual) Reasoning,d5bd67e5d438ee81f0f098ccbaf91246f6409c10,0.0,6.0,15.0,0.0,1.0,2.0,3.0,6.0,,0.41984126984126985,,0.8055555555555557,,1.0,0.13333333333333333,2.0,0.5,0.0,0.16666666666666666,0.3333333333333333
124,124,Noise Injection Node Regularization for Robust Learning,c5283314492adacea2de8a056f5529c506d0fef4,0.0,9.0,14.0,1.0,2.0,4.0,3.0,7.0,,,,,,0.75,0.07023809523809524,1.0,0.3333333333333333,0.1111111111111111,0.1111111111111111,0.4444444444444444
125,125,A Call to Reflect on Evaluation Practices for Failure Detection in Image Classification,4b6f6f69d6400d4f0daa6a174b33925bb76696c1,0.0,10.0,13.0,2.0,4.0,3.0,3.0,0.0,,0.2720695970695971,,0.5441391941391942,,0.6666666666666666,0.16666666666666666,2.3333333333333335,0.3,0.2,0.2,0.3
126,126,Learning Group Importance using the Differentiable Hypergeometric Distribution,459aaba88972ecf483df51521f16b82595c9eadb,0.0,7.0,8.0,5.0,5.0,1.0,1.0,2.0,0.5146825396825397,0.5255291005291006,0.8999999999999999,0.9333333333333335,,1.0,0.625,5.0,0.14285714285714285,0.7142857142857143,0.0,0.14285714285714285
127,127,FunkNN: Neural Interpolation for Functional Generation,dc444ee2a0beac5a6f0309c5119f4cc56a57dcdc,0.0,13.0,21.0,3.0,4.0,7.0,2.0,1.0,0.3888888888888889,0.32419129218394827,0.7777777777777778,0.5735588972431078,,0.7142857142857143,0.18119975262832405,3.857142857142857,0.15384615384615385,0.23076923076923078,0.07692307692307693,0.5384615384615384
128,128,A Parametric Class of Approximate Gradient Updates for Policy Optimization,ec2bacc72d83683c74c20fee722923e5f64676a5,0.0,6.0,8.0,2.0,2.0,4.0,0.0,1.0,0.3888888888888889,0.39444444444444443,0.7777777777777778,0.7888888888888889,,1.0,0.1736111111111111,1.5,0.0,0.3333333333333333,0.0,0.6666666666666666
129,129,Revisiting Bellman Errors for Offline Model Selection,5fe4712d9abbb60f070028b89355966c1e2bc91a,0.0,9.0,14.0,1.0,3.0,5.0,1.0,2.0,,0.308982683982684,,0.583982683982684,,0.8,0.17142857142857143,2.4,0.1111111111111111,0.1111111111111111,0.2222222222222222,0.5555555555555556
130,130,Input-agnostic Certified Group Fairness via Gaussian Parameter Smoothing,8a58b886297649da28e70a4476db1093c254946b,0.0,0.0,0.0,0.0,0.0,0.0,1.0,0.0,,,,,,,,,inf,,,
131,131,InfoOT: Information Maximizing Optimal Transport,f12c4e0c5834bd89cad11902e32fec6cabe75ea2,0.0,18.0,26.0,3.0,3.0,10.0,5.0,4.0,0.4095238095238095,0.2965628507295174,0.819047619047619,0.5931257014590348,,0.7,0.10251778872468527,2.9,0.2777777777777778,0.16666666666666666,0.0,0.5555555555555556
132,132,Constrained Optimization via Exact Augmented Lagrangian and Randomized Iterative Sketching,73e9a2e28b06b5d9c5d62407ce0b00a7050c3bc5,0.0,0.0,0.0,0.0,0.0,0.0,1.0,0.0,,,,,,,,,inf,,,
133,133,Learning Rate Schedules in the Presence of Distribution Shift,d963db5ea6458955810b82f1ed021d31ec75850a,0.0,11.0,23.0,2.0,2.0,6.0,3.0,7.0,0.36111111111111116,0.34583333333333327,0.7222222222222223,0.6916666666666665,,1.0,0.10186733556298773,2.5,0.2727272727272727,0.18181818181818182,0.0,0.5454545454545454
134,134,Computational Asymmetries in Robust Classification,d9cf730afc4b191952eddbacef5dec4ab4acdba3,0.0,8.0,8.0,0.0,3.0,5.0,0.0,1.0,0.4854954481792717,0.3933333333333333,0.9119047619047618,0.7866666666666666,,1.0,0.26272727272727275,3.0,0.0,0.0,0.375,0.625
135,135,Computational Doob's h-transforms for Online Filtering of Discretely Observed Diffusions,99af7fc46cc0453a11cb7d7398697d5c8db5e78f,0.0,7.0,9.0,1.0,3.0,3.0,1.0,5.0,0.27777777777777773,0.41666666666666663,0.5555555555555555,0.8333333333333333,,0.6666666666666666,0.07407407407407407,0.6666666666666666,0.14285714285714285,0.14285714285714285,0.2857142857142857,0.42857142857142855
136,136,NAFS: A Simple yet Tough-to-beat Baseline for Graph Representation Learning,72882bbe4b367e0d73f52a57161b0506eb81705a,0.0,12.0,17.0,6.0,7.0,5.0,0.0,0.0,0.36868686868686873,0.3631706528765352,0.7373737373737375,0.7263413057530704,,1.0,0.169281045751634,3.0,0.0,0.5,0.08333333333333333,0.4166666666666667
137,137,Repository-Level Prompt Generation for Large Language Models of Code,1aa206426a20b0b549cda5068b90b8da353b3434,0.0,2.0,23.0,1.0,1.0,1.0,0.0,1.0,,0.36680640830967626,,0.7082526950174008,,1.0,0.34782608695652173,8.0,0.0,0.5,0.0,0.5
138,138,Corruption-Robust Algorithms with Uncertainty Weighting for Nonlinear Contextual Bandits and Markov Decision Processes,4724ae0869b4cb65a741399489cb577a3373ada7,0.0,8.0,18.0,1.0,1.0,6.0,1.0,2.0,0.37499999999999994,0.3258049242424242,0.7499999999999999,0.6375270562770563,,1.0,0.16317878028404345,3.3333333333333335,0.125,0.125,0.0,0.75
139,139,Reinforcement Learning with General Utilities: Simpler Variance Reduction and Large State-Action Space,b2dde612d47a9d747f758579dc6eef3294c24ab7,0.0,19.0,45.0,5.0,5.0,9.0,5.0,1.0,0.27777777777777773,0.3204088948843263,0.5555555555555555,0.6307714137896379,,1.0,0.0775790591701785,3.5555555555555554,0.2631578947368421,0.2631578947368421,0.0,0.47368421052631576
140,140,Stochastic Rising Bandits,6e2a8c444a1ea54369da68b620bb7bc781b3f380,0.0,7.0,10.0,1.0,2.0,4.0,1.0,2.0,0.3888888888888889,0.29722222222222217,0.7777777777777778,0.5944444444444443,,1.0,0.2,2.0,0.14285714285714285,0.14285714285714285,0.14285714285714285,0.5714285714285714
141,141,TGRL: An Algorithm for Teacher Guided Reinforcement Learning,159564d2a7e052a6526c3301bf54c1f0cabdc0e4,0.0,2.0,18.0,1.0,1.0,0.0,1.0,1.0,,0.36733405483405474,,0.6845959595959595,,,,,0.5,0.5,0.0,0.0
142,142,Generalization Bounds with Data-dependent Fractal Dimensions,add1a89fd4f76bc7fe11199510916e241a6013d1,0.0,11.0,13.0,2.0,2.0,8.0,1.0,1.0,0.34523809523809523,0.3129761904761904,0.6904761904761905,0.5819047619047619,,0.625,0.10975577731092437,1.75,0.09090909090909091,0.18181818181818182,0.0,0.7272727272727273
143,143,"DP-Fast MH: Private, Fast, and Accurate Metropolis-Hastings for Large-Scale Bayesian Inference",73b76c01c6bc0d821545d84d876c2648b2aa1321,0.0,5.0,8.0,1.0,2.0,3.0,0.0,1.0,,0.3904761904761905,,0.780952380952381,,0.6666666666666666,0.16666666666666666,1.3333333333333333,0.0,0.2,0.2,0.6
144,144,Continual Vision-Language Representation Learning with Off-Diagonal Information,96af5ad10d707fd756e8036e4b4f7dc214089879,0.0,6.0,15.0,3.0,3.0,3.0,0.0,0.0,0.5,0.3282804232804233,1.0,0.6565608465608466,,1.0,0.34722222222222215,5.333333333333333,0.0,0.5,0.0,0.5
145,145,Utilizing Expert Features for Contrastive Learning of Time-Series Representations,81d465aa946bae514f373757f60f6a070ae011c7,0.0,10.0,12.0,5.0,5.0,4.0,1.0,1.0,0.4796049188906332,0.41669913419913424,0.719047619047619,0.7633333333333334,,1.0,0.3125,4.0,0.1,0.5,0.0,0.4
146,146,Oscillation-free Quantization for Low-bit Vision Transformers,42d3b9e9111efb70a11167096738d7dd344f7e5a,0.0,13.0,15.0,2.0,3.0,10.0,0.0,0.0,0.35264550264550265,0.3624149659863946,0.6932098765432099,0.7248299319727892,,1.0,0.21018052377320112,4.0,0.0,0.15384615384615385,0.07692307692307693,0.7692307692307693
147,147,Simplex Neural Population Learning: Any-Mixture Bayes-Optimality in Symmetric Zero-sum Games,e272ff8248a0d5c16455db68d35b68330a77304b,0.0,7.0,9.0,1.0,2.0,1.0,4.0,2.0,,0.36111111111111116,,0.7222222222222223,,1.0,0.2222222222222222,2.0,0.5714285714285714,0.14285714285714285,0.14285714285714285,0.14285714285714285
148,148,Nugget: Neural Agglomerative Embeddings of Text,531b37c44c7e39539f617fb1a4149ef8cce8f4ec,0.0,5.0,6.0,3.0,3.0,1.0,1.0,2.0,,0.38888888888888884,,0.7777777777777777,,1.0,0.16666666666666666,1.0,0.2,0.6,0.0,0.2
149,149,Gaussian Process Priors for Systems of Linear Partial Differential Equations with Constant Coefficients,b7518c6559133650e98750b6a1fa779ed004294d,0.0,15.0,21.0,0.0,0.0,12.0,3.0,0.0,0.3166666666666667,0.35343711843711845,0.6333333333333334,0.6612265512265513,,0.5,0.043406183188791886,1.0,0.2,0.0,0.0,0.8
150,150,Live in the Moment: Learning Dynamics Model Adapted to Evolving Policy,23460bac616208c7ddea5664ee08f7adbc46855e,0.0,15.0,20.0,3.0,3.0,10.0,2.0,1.0,0.3933333333333333,0.24414877061935888,0.7866666666666666,0.47418300653594775,,0.8,0.11416901938641069,2.4,0.13333333333333333,0.2,0.0,0.6666666666666666
151,151,Personalized Prediction of Recurrent Stress Events Using Self-Supervised Learning on Multimodal Time-Series Data,2775f1dab6a24a944477c4383f48df223fc48b65,0.0,18.0,24.0,0.0,0.0,7.0,11.0,11.0,0.38888888888888884,0.375,0.7777777777777777,0.75,,0.8571428571428571,0.08660561660561661,2.142857142857143,0.6111111111111112,0.0,0.0,0.3888888888888889
152,152,Federated Learning with Partial Model Personalization,134e5566cc2d542039414c0de88e5e2f10dc8704,0.0,11.0,17.0,2.0,3.0,8.0,0.0,1.0,0.27777777777777773,0.4281765018607124,0.5555555555555555,0.8061868686868688,,0.875,0.15015479876160992,2.75,0.0,0.18181818181818182,0.09090909090909091,0.7272727272727273
153,153,An Investigation into Pre-Training Object-Centric Representations for Reinforcement Learning,af29faebfff36c5a1a053567232b30d4c93d981b,0.0,18.0,29.0,0.0,2.0,13.0,3.0,1.0,0.3055555555555556,0.2837040468396148,0.6111111111111112,0.5761160523871884,,0.46153846153846156,0.07022546419098143,2.1538461538461537,0.16666666666666666,0.0,0.1111111111111111,0.7222222222222222
154,154,Approximately Optimal Core Shapes for Tensor Decompositions,fa25471f5b4763c214661b80ce9ad08f58f89b4a,0.0,13.0,32.0,3.0,3.0,7.0,3.0,1.0,0.29791666666666666,0.2642802571811859,0.5958333333333333,0.5285605143623718,,1.0,0.16579927425515661,5.571428571428571,0.23076923076923078,0.23076923076923078,0.0,0.5384615384615384
155,155,Certified Neural Network Watermarks with Randomized Smoothing,fa6a2426c3b1c74b9b515c3857fc2ff3641d81cf,0.0,5.0,7.0,3.0,3.0,1.0,1.0,1.0,,0.41111111111111115,,0.8222222222222223,,1.0,0.14285714285714285,1.0,0.2,0.6,0.0,0.2
156,156,"A Fast, Well-Founded Approximation to the Empirical Neural Tangent Kernel",4e2905f3c9ec6c3625a415954e8232836a4ecb4f,0.0,24.0,30.0,2.0,3.0,21.0,0.0,0.0,0.32701862925952563,0.27825730555027667,0.6458246157825988,0.5373257206972702,,0.7619047619047619,0.05580214327406141,2.0476190476190474,0.0,0.08333333333333333,0.041666666666666664,0.875
157,157,Exact Inference in High-order Structured Prediction,17236e5eaf57ddd8b33870ea68f876b0bb71af8d,0.0,0.0,20.0,0.0,0.0,0.0,0.0,7.0,,0.38,,0.76,,,,,,,,
158,158,DFG-NAS: Deep and Flexible Graph Neural Architecture Search,10569189e9bdd395e1a5ba71ce223465a31d24da,0.0,12.0,25.0,5.0,5.0,7.0,0.0,0.0,0.37297979797979797,0.35529343280011727,0.7459595959595959,0.7164140449568257,,0.8571428571428571,0.22841560555846271,6.285714285714286,0.0,0.4166666666666667,0.0,0.5833333333333334
159,159,Optimal Goal-Reaching Reinforcement Learning via Quasimetric Learning,1ad85b1a902cd37c855dbedf5bd17c536628b611,0.0,2.0,18.0,0.0,0.0,0.0,2.0,2.0,,0.3033333333333333,,0.6066666666666666,,,,,1.0,0.0,0.0,0.0
160,160,AdaNPC: Exploring Non-Parametric Classifier for Test-Time Adaptation,f4e768015fc9b32c3319339865b3f1d83f9a1411,0.0,12.0,13.0,0.0,1.0,9.0,2.0,1.0,,0.23642857142857143,,0.47285714285714286,,0.7777777777777778,0.09051689051689052,1.2222222222222223,0.16666666666666666,0.0,0.08333333333333333,0.75
161,161,Reducing Variance in Temporal-Difference Value Estimation via Ensemble of Deep Networks,0acdcca3eb56ad23959fe5367ddbbf9623384785,0.0,24.0,31.0,9.0,10.0,13.0,1.0,2.0,0.3402974165945864,0.2890496175160041,0.6339117672451007,0.5670882253036168,,0.8461538461538461,0.13353593913366207,4.538461538461538,0.041666666666666664,0.375,0.041666666666666664,0.5416666666666666
162,162,Patch-level Routing in Mixture-of-Experts is Provably Sample-efficient for Convolutional Neural Networks,7e37a2c2575c62f374d7578b4a05e10197c17c7c,0.0,9.0,11.0,3.0,5.0,4.0,0.0,2.0,0.3333333333333333,0.3020833333333333,0.6666666666666666,0.6041666666666666,,0.75,0.15705128205128205,2.0,0.0,0.3333333333333333,0.2222222222222222,0.4444444444444444
163,163,Learning Control by Iterative Inversion,b3921e369c09e1258ee2be151a778e3f6fdcf66f,0.0,5.0,5.0,1.0,2.0,0.0,3.0,3.0,,,,,,,,,0.6,0.2,0.2,0.0
164,164,Accelerated Federated Learning with Decoupled Adaptive Optimization,5e37c07fa7e59c9cceb23ee2fde220ce663f4e08,0.0,12.0,22.0,5.0,5.0,6.0,1.0,0.0,0.3676190476190476,0.3677652249427044,0.6461904761904761,0.6480377647044314,,1.0,0.22198253437383872,5.5,0.08333333333333333,0.4166666666666667,0.0,0.5
165,165,Efficient Graph Field Integrators Meet Point Clouds,060d355d8a95811c3a82cf9f23758fd361280782,0.0,21.0,23.0,4.0,5.0,11.0,5.0,5.0,0.3796296296296296,0.4222222222222222,0.7592592592592592,0.8444444444444444,,0.9090909090909091,0.10283368805107936,2.5454545454545454,0.23809523809523808,0.19047619047619047,0.047619047619047616,0.5238095238095238
166,166,The Unsurprising Effectiveness of Pre-Trained Vision Models for Control,7b3d26bd1d65ed5937c76043b5cd058260d8469f,0.0,11.0,14.0,2.0,3.0,7.0,1.0,0.0,,0.26666666666666666,,0.5333333333333333,,0.7142857142857143,0.08095238095238096,1.1428571428571428,0.09090909090909091,0.18181818181818182,0.09090909090909091,0.6363636363636364
